-- Adminer 4.1.0 MySQL dump

SET NAMES utf8;
SET time_zone = '+00:00';
SET foreign_key_checks = 0;
SET sql_mode = 'NO_AUTO_VALUE_ON_ZERO';


DROP TABLE IF EXISTS `ActiveTAN`;
DROP TABLE IF EXISTS `Account`;
DROP TABLE IF EXISTS `Txn`;
DROP TABLE IF EXISTS `Login`;

CREATE TABLE `Account` (
  `Account_no` decimal(10,0) NOT NULL,
  `Account_LoginId` int(11) NOT NULL,
  `Account_bal` decimal(15,2) NOT NULL,
  PRIMARY KEY (`Account_no`),
  KEY `Account_Login` (`Account_LoginId`),
  CONSTRAINT `Account_Login` FOREIGN KEY (`Account_LoginId`) REFERENCES `Login` (`UserId`)
) ENGINE=InnoDB DEFAULT CHARSET=latin1;

INSERT INTO `Account` (`Account_no`, `Account_LoginId`, `Account_bal`) VALUES
(1000000015,  15, 11095610.00),
(1000000016,  16, -5000.00),
(1000000018,  18, 5199.96),
(1000000021,  21, 3500.10),
(1000000022,  22, 9999999999999.99),
(1000000029,  29, 124293584599.91),
(1000000031,  31, 0.00),
(1000000032,  32, 0.00),
(1000000033,  33, 135000.00),
(1000000034,  34, -5000.00);

CREATE TABLE `ActiveTAN` (
  `ActiveTAN_id` int(11) NOT NULL AUTO_INCREMENT,
  `ActiveTAN_number` varchar(20) NOT NULL,
  `ActiveTAN_AccountNo` decimal(10,0) NOT NULL,
  `ActiveTAN_Status` tinyint(1) NOT NULL,
  `ActiveTAN_genDate` datetime NOT NULL,
  PRIMARY KEY (`ActiveTAN_id`),
  UNIQUE KEY `ActiveTAN_ak_1` (`ActiveTAN_number`,`ActiveTAN_AccountNo`),
  UNIQUE KEY `uc_ActiveTAN_number` (`ActiveTAN_number`),
  KEY `ActiveTAN_Account` (`ActiveTAN_AccountNo`),
  CONSTRAINT `ActiveTAN_Account` FOREIGN KEY (`ActiveTAN_AccountNo`) REFERENCES `Account` (`Account_no`)
) ENGINE=InnoDB DEFAULT CHARSET=latin1;

INSERT INTO `ActiveTAN` (`ActiveTAN_id`, `ActiveTAN_number`, `ActiveTAN_AccountNo`, `ActiveTAN_Status`, `ActiveTAN_genDate`) VALUES
(701, 'nOSxKwgF3DI9vr2',  1000000029, 1,  '2015-11-30 00:00:00'),
(702, 'SARzDj1tQJHC2mM',  1000000029, 1,  '2015-11-30 00:00:00'),
(703, 'REKJMF6tT2koYis',  1000000029, 1,  '2015-11-30 00:00:00'),
(704, 'EI4pVdhoyDWKsmH',  1000000029, 1,  '2015-11-30 00:00:00'),
(705, 'hEDi1aGQIxV9Jwm',  1000000029, 1,  '2015-11-30 00:00:00'),
(706, 'UHJ45AxV0C9Oe6u',  1000000029, 1,  '2015-11-30 00:00:00'),
(707, 'N0s9tCKu1nrlIWT',  1000000029, 1,  '2015-11-30 00:00:00'),
(708, 'T3VtS9hMbkLDolP',  1000000029, 1,  '2015-11-30 00:00:00'),
(709, 'EPzCFXmDcqUhsGv',  1000000029, 1,  '2015-11-30 00:00:00'),
(710, 'ELMOePIXvhpzaC1',  1000000029, 1,  '2015-11-30 00:00:00'),
(711, 'oAwvSRiFN3gqKzO',  1000000029, 1,  '2015-11-30 00:00:00'),
(712, 'keK7cNEfB9HyIvP',  1000000029, 1,  '2015-11-30 00:00:00'),
(713, 'UgGFzbQJPcI9Vsp',  1000000029, 1,  '2015-11-30 00:00:00'),
(714, 'PzpU1fa7xQkuXAs',  1000000029, 1,  '2015-11-30 00:00:00'),
(715, 'cSLMAZHG2OrId6k',  1000000029, 1,  '2015-11-30 00:00:00'),
(716, 'P6l43kV8CM1Wh5o',  1000000029, 1,  '2015-11-30 00:00:00'),
(717, 'lhc2uVRwNXp5Q91',  1000000029, 1,  '2015-11-30 00:00:00'),
(718, 'u6kwnXg1b9rKBYV',  1000000029, 1,  '2015-11-30 00:00:00'),
(719, 'nEzTDF53KC692Bq',  1000000029, 1,  '2015-11-30 00:00:00'),
(720, 'JcvyMH1e7SE9bz2',  1000000029, 1,  '2015-11-30 00:00:00'),
(721, 'LuK6cUNks5Fo9b1',  1000000029, 1,  '2015-11-30 00:00:00'),
(722, 'rNJduA5W4fIPjMT',  1000000029, 1,  '2015-11-30 00:00:00'),
(723, 'aRhJ1NVf04wSFlp',  1000000029, 1,  '2015-11-30 00:00:00'),
(724, 'buH4IhzeFfUQ93r',  1000000029, 1,  '2015-11-30 00:00:00'),
(725, 'cokT9eFbND3mgJn',  1000000029, 1,  '2015-11-30 00:00:00'),
(726, '1vHC9lcFAZIgN2U',  1000000029, 1,  '2015-11-30 00:00:00'),
(727, 'CnSlzUxEumphdW1',  1000000029, 1,  '2015-11-30 00:00:00'),
(728, '3QBTpVKx5NOhvrZ',  1000000029, 1,  '2015-11-30 00:00:00'),
(729, 'HVAtU970yanjwxI',  1000000029, 1,  '2015-11-30 00:00:00'),
(730, 'V9YDoshtv61SQ5x',  1000000029, 1,  '2015-11-30 00:00:00'),
(731, 'pnHh1PG8MlTvASe',  1000000029, 1,  '2015-11-30 00:00:00'),
(732, 'qtHoEi3MuRKXrQT',  1000000029, 1,  '2015-11-30 00:00:00'),
(733, 'VfQAHcBEwuCPgM1',  1000000029, 1,  '2015-11-30 00:00:00'),
(734, 'cbgtAVOTWzQHhmP',  1000000029, 1,  '2015-11-30 00:00:00'),
(735, 'qVChJfDW1eG8mZU',  1000000029, 1,  '2015-11-30 00:00:00'),
(736, 'LCRcms0hZw1INqD',  1000000029, 1,  '2015-11-30 00:00:00'),
(737, 'hCGsBgDiI7tnWR6',  1000000029, 1,  '2015-11-30 00:00:00'),
(738, 'lmA4o3dNS9vwzqk',  1000000029, 1,  '2015-11-30 00:00:00'),
(739, 'yCuxnhQOefWBNkL',  1000000029, 1,  '2015-11-30 00:00:00'),
(740, 'hSP2UAnVwDIZijf',  1000000029, 1,  '2015-11-30 00:00:00'),
(741, 'YkfEGslgIxB543D',  1000000029, 1,  '2015-11-30 00:00:00'),
(742, 'sLuUyC4Bl3tAeWr',  1000000029, 1,  '2015-11-30 00:00:00'),
(743, 'Lb0G9H3D1MJaqjh',  1000000029, 1,  '2015-11-30 00:00:00'),
(744, 'lHeMswQAukciOTE',  1000000029, 1,  '2015-11-30 00:00:00'),
(745, 'A5qO4srRMewPTum',  1000000029, 1,  '2015-11-30 00:00:00'),
(746, 'GTV2sAB8Ot10RX9',  1000000029, 1,  '2015-11-30 00:00:00'),
(747, 'qHtVMs1c3XxEvhP',  1000000029, 1,  '2015-11-30 00:00:00'),
(748, 'OST7lv0E1kUerAu',  1000000029, 1,  '2015-11-30 00:00:00'),
(749, 'y2KqfugXGU4FmH1',  1000000029, 1,  '2015-11-30 00:00:00'),
(750, '0nVkFBDMsmNCLbS',  1000000029, 1,  '2015-11-30 00:00:00'),
(751, 'Ho9Ykw1X4LNZB7P',  1000000029, 1,  '2015-11-30 00:00:00'),
(752, 'OCL1QnqM8xUKPFu',  1000000029, 1,  '2015-11-30 00:00:00'),
(753, 'K7rBp25odHl0UuT',  1000000029, 1,  '2015-11-30 00:00:00'),
(754, 'gjLzT0rfxuGiF9c',  1000000029, 1,  '2015-11-30 00:00:00'),
(755, 'FZ42dXzbIPRq89C',  1000000029, 1,  '2015-11-30 00:00:00'),
(756, 'GhxMUCt7oieZayK',  1000000029, 1,  '2015-11-30 00:00:00'),
(757, 'iWvpYlhJszSH8BZ',  1000000029, 1,  '2015-11-30 00:00:00'),
(758, 'irkO0g5zTlXFQKB',  1000000029, 1,  '2015-11-30 00:00:00'),
(759, 'oSVIMRwTyLt9Xv3',  1000000029, 1,  '2015-11-30 00:00:00'),
(760, '25j6DfF0tnHmSvp',  1000000029, 1,  '2015-11-30 00:00:00'),
(761, '1hGyHKMcrLiO569',  1000000029, 1,  '2015-11-30 00:00:00'),
(762, 'p5V9CtJj3GYQlnI',  1000000029, 1,  '2015-11-30 00:00:00'),
(763, 'PZLpS4agy6Mdh3T',  1000000029, 1,  '2015-11-30 00:00:00'),
(764, 'zX0ye3CW9aZqiSU',  1000000029, 1,  '2015-11-30 00:00:00'),
(765, 'Ax8QUweaXVm6fJN',  1000000029, 1,  '2015-11-30 00:00:00'),
(766, 'gHlyM4xvf8790he',  1000000029, 1,  '2015-11-30 00:00:00'),
(767, 'CiNpHknWeMtJzbm',  1000000029, 1,  '2015-11-30 00:00:00'),
(768, 'xXawyHJ8EZ49YFb',  1000000029, 1,  '2015-11-30 00:00:00'),
(769, 'xOvChULl8DFQu2g',  1000000029, 1,  '2015-11-30 00:00:00'),
(770, 'ePYulEOXgaSsWLC',  1000000029, 1,  '2015-11-30 00:00:00'),
(771, 'FgG4xZMJIqKUhpH',  1000000029, 1,  '2015-11-30 00:00:00'),
(772, 'HN7ohwZVL46XIyf',  1000000029, 1,  '2015-11-30 00:00:00'),
(773, 'kEng4RFDbAdz96P',  1000000029, 1,  '2015-11-30 00:00:00'),
(774, 'ZzC9OkSXLGbc3Nm',  1000000029, 1,  '2015-11-30 00:00:00'),
(775, 'A0qkxoByZVEMr7F',  1000000029, 1,  '2015-11-30 00:00:00'),
(776, '374ou1j0Cb5RNTI',  1000000029, 1,  '2015-11-30 00:00:00'),
(777, 'AUPsuaEBgc6mhyv',  1000000029, 1,  '2015-11-30 00:00:00'),
(778, 'n3xlwscUYi9WP5E',  1000000029, 1,  '2015-11-30 00:00:00'),
(779, 'teQd9IjwCBh4Ki8',  1000000029, 1,  '2015-11-30 00:00:00'),
(780, 'f4ZEPB5V8TJ3NrC',  1000000029, 1,  '2015-11-30 00:00:00'),
(781, 'NtD3uA4CSsLaiJX',  1000000029, 1,  '2015-11-30 00:00:00'),
(782, 'FoYEv374QuRThfM',  1000000029, 1,  '2015-11-30 00:00:00'),
(783, 'b5QRwnXHhG7jWfM',  1000000029, 1,  '2015-11-30 00:00:00'),
(784, 'YPM6HtUDhgjcNdk',  1000000029, 1,  '2015-11-30 00:00:00'),
(785, '1AdEyw2HIsUrJKu',  1000000029, 1,  '2015-11-30 00:00:00'),
(786, '7jTUCSMPmqsA3QJ',  1000000029, 1,  '2015-11-30 00:00:00'),
(787, 'OGU1e5z3WPBLhqg',  1000000029, 1,  '2015-11-30 00:00:00'),
(788, 'kSr6HIPNd0RWVeG',  1000000029, 1,  '2015-11-30 00:00:00'),
(789, '7vH30SpsJ5ZiQnC',  1000000029, 1,  '2015-11-30 00:00:00'),
(790, 'j3EV8OMzyxA57Ul',  1000000029, 1,  '2015-11-30 00:00:00'),
(791, 'CbOf5EA9qZaoMPG',  1000000029, 1,  '2015-11-30 00:00:00'),
(792, '16odOUSbAj9CqPZ',  1000000029, 1,  '2015-11-30 00:00:00'),
(793, '9V6erLwbI1fT37R',  1000000029, 1,  '2015-11-30 00:00:00'),
(794, 'zdoT9U34B7EyV50',  1000000029, 1,  '2015-11-30 00:00:00'),
(795, 'vtQT5a0zyPr3R6u',  1000000029, 1,  '2015-11-30 00:00:00'),
(796, 'l6ycAIHSU0PjeQq',  1000000029, 1,  '2015-11-30 00:00:00'),
(797, 'fd1PVDoThLSGkF7',  1000000029, 1,  '2015-11-30 00:00:00'),
(798, 'ZsepqNbEUzvmlfS',  1000000029, 1,  '2015-11-30 00:00:00'),
(799, 'aRSCOl7YQyZADwo',  1000000029, 1,  '2015-11-30 00:00:00'),
(800, 'ETao26g7sFdLQcV',  1000000029, 1,  '2015-11-30 00:00:00'),
(801, 'f9NA7l8rthIkJVm',  1000000032, 1,  '2015-12-06 00:00:00'),
(802, 'YcU24m7C0aIJAyu',  1000000032, 1,  '2015-12-06 00:00:00'),
(803, 'Cxn5ficMb0TaKzm',  1000000032, 1,  '2015-12-06 00:00:00'),
(804, 'KI9kTb8Ma3ZySQl',  1000000032, 1,  '2015-12-06 00:00:00'),
(805, 'aoMSdy0NqR1QK9v',  1000000032, 1,  '2015-12-06 00:00:00'),
(806, 'v5PjXHaMLFd3BtG',  1000000032, 1,  '2015-12-06 00:00:00'),
(807, '7FTpjnL5QbuzNA6',  1000000032, 1,  '2015-12-06 00:00:00'),
(808, '9yAxcOt4wWi8qYJ',  1000000032, 1,  '2015-12-06 00:00:00'),
(809, '7USxFrkpQta960w',  1000000032, 1,  '2015-12-06 00:00:00'),
(810, 'quFA3Wtc2PDb10Q',  1000000032, 1,  '2015-12-06 00:00:00'),
(811, 'rT1EKBvP38bC6ZA',  1000000032, 1,  '2015-12-06 00:00:00'),
(812, 'kcyJtC9znKb8udj',  1000000032, 1,  '2015-12-06 00:00:00'),
(813, 'Ux5jI8yCBQbqaMc',  1000000032, 1,  '2015-12-06 00:00:00'),
(814, 'Oev8IywtRFdYbD3',  1000000032, 1,  '2015-12-06 00:00:00'),
(815, 'oJbHIkQihMNVXLw',  1000000032, 1,  '2015-12-06 00:00:00'),
(816, 'A5u0kHipNW7lwtf',  1000000032, 1,  '2015-12-06 00:00:00'),
(817, 'CSDb2lW5NohOviB',  1000000032, 1,  '2015-12-06 00:00:00'),
(818, 'DY63X0BZFKA4wnm',  1000000032, 1,  '2015-12-06 00:00:00'),
(819, 'gHAEMDq4zk3X0ay',  1000000032, 1,  '2015-12-06 00:00:00'),
(820, 'SW4T8mhDJ1GAnx3',  1000000032, 1,  '2015-12-06 00:00:00'),
(821, 'ork5fUCvg9l8V0K',  1000000032, 1,  '2015-12-06 00:00:00'),
(822, 'QmkMHZUFpDexoYz',  1000000032, 1,  '2015-12-06 00:00:00'),
(823, 'wmjlPDxIsurEcSa',  1000000032, 1,  '2015-12-06 00:00:00'),
(824, 'gRprZoiFIamwQ9l',  1000000032, 1,  '2015-12-06 00:00:00'),
(825, 'sgFtS608zkdfDcw',  1000000032, 1,  '2015-12-06 00:00:00'),
(826, 'qZbgNmR9FdeJtGk',  1000000032, 1,  '2015-12-06 00:00:00'),
(827, 'TUkXeLq35n8YOQh',  1000000032, 1,  '2015-12-06 00:00:00'),
(828, 'mFsKCtdTGnr07kM',  1000000032, 1,  '2015-12-06 00:00:00'),
(829, 'WjcFHM5eV9hNilS',  1000000032, 1,  '2015-12-06 00:00:00'),
(830, '0X4EsyWIClUmBK9',  1000000032, 1,  '2015-12-06 00:00:00'),
(831, '1hgBe3zdbnXwtuI',  1000000032, 1,  '2015-12-06 00:00:00'),
(832, 'J5rpHMEelG74Og2',  1000000032, 1,  '2015-12-06 00:00:00'),
(833, 'Vzi4k8DFMUEwtdj',  1000000032, 1,  '2015-12-06 00:00:00'),
(834, 'JvgmO9pIWa1ANs4',  1000000032, 1,  '2015-12-06 00:00:00'),
(835, 'EynItuSDWBN4wVz',  1000000032, 1,  '2015-12-06 00:00:00'),
(836, 'X39qQRjGFmr4Nwf',  1000000032, 1,  '2015-12-06 00:00:00'),
(837, 'x82ckBaKVe965s1',  1000000032, 1,  '2015-12-06 00:00:00'),
(838, 'HvALb7i2qRxO0Wj',  1000000032, 1,  '2015-12-06 00:00:00'),
(839, '2Zmja3uKbLclUx6',  1000000032, 1,  '2015-12-06 00:00:00'),
(840, 'sg2QJhmyYuCTRUb',  1000000032, 1,  '2015-12-06 00:00:00'),
(841, 'IuhMjTw06DGbvYU',  1000000032, 1,  '2015-12-06 00:00:00'),
(842, 'yDdM8ZVSh5JvB7l',  1000000032, 1,  '2015-12-06 00:00:00'),
(843, 'UF5H9JgpMCQkeum',  1000000032, 1,  '2015-12-06 00:00:00'),
(844, 'O3XKAZwmdFqDoNY',  1000000032, 1,  '2015-12-06 00:00:00'),
(845, '2kHGRDqxLU06ygf',  1000000032, 1,  '2015-12-06 00:00:00'),
(846, 'L0WSeJZFAGDxMBR',  1000000032, 1,  '2015-12-06 00:00:00'),
(847, '5zN1l9Sra4TnCeX',  1000000032, 1,  '2015-12-06 00:00:00'),
(848, 'FHSRskQjfYDXLzE',  1000000032, 1,  '2015-12-06 00:00:00'),
(849, 'XcjsNRaDHOftzI4',  1000000032, 1,  '2015-12-06 00:00:00'),
(850, '9Exlg5J4RrtPw0F',  1000000032, 1,  '2015-12-06 00:00:00'),
(851, 'rpsJFDqOvyLe8QT',  1000000032, 1,  '2015-12-06 00:00:00'),
(852, 'sp9cgCALdqOBx4o',  1000000032, 1,  '2015-12-06 00:00:00'),
(853, 'wVaxmveYqEU1HjX',  1000000032, 1,  '2015-12-06 00:00:00'),
(854, 'wxrkMWVE76yCm1d',  1000000032, 1,  '2015-12-06 00:00:00'),
(855, 'n1v8FteTxwCdlJu',  1000000032, 1,  '2015-12-06 00:00:00'),
(856, 'zrjNng19d3vt7qC',  1000000032, 1,  '2015-12-06 00:00:00'),
(857, 'dhStacsVPMC46zo',  1000000032, 1,  '2015-12-06 00:00:00'),
(858, '0zqAE2ZCU8ly6oP',  1000000032, 1,  '2015-12-06 00:00:00'),
(859, 'irAhQ6xZlt9HYCj',  1000000032, 1,  '2015-12-06 00:00:00'),
(860, 'N76DlLAmrv0IPyc',  1000000032, 1,  '2015-12-06 00:00:00'),
(861, 'aT8KVNpbARZ1MWu',  1000000032, 1,  '2015-12-06 00:00:00'),
(862, 'AZKuwma3srpzDMY',  1000000032, 1,  '2015-12-06 00:00:00'),
(863, 'UX3Q5FxKaGrySVI',  1000000032, 1,  '2015-12-06 00:00:00'),
(864, 'l0jFKs98dHWpECu',  1000000032, 1,  '2015-12-06 00:00:00'),
(865, 'FdYHaqubxMQLE3o',  1000000032, 1,  '2015-12-06 00:00:00'),
(866, '9re0tJ8Bdx7U2Kw',  1000000032, 1,  '2015-12-06 00:00:00'),
(867, '0VPjSrQkcuUYXJ7',  1000000032, 1,  '2015-12-06 00:00:00'),
(868, 'BzerxZA72T5o3ps',  1000000032, 1,  '2015-12-06 00:00:00'),
(869, '9KJtIpeNal2RrP4',  1000000032, 1,  '2015-12-06 00:00:00'),
(870, 'tjkwMCNQ05VpTKn',  1000000032, 1,  '2015-12-06 00:00:00'),
(871, 'Ggd2KFkTywip5Lz',  1000000032, 1,  '2015-12-06 00:00:00'),
(872, 'Tw51dhjDKsXRfBz',  1000000032, 1,  '2015-12-06 00:00:00'),
(873, 'lHRFQXT1mrYq4be',  1000000032, 1,  '2015-12-06 00:00:00'),
(874, 'UOWYmyVG5cs9EtK',  1000000032, 1,  '2015-12-06 00:00:00'),
(875, 'LKe7sNBfoucI6O8',  1000000032, 1,  '2015-12-06 00:00:00'),
(876, '1HQBNebdG502XSA',  1000000032, 1,  '2015-12-06 00:00:00'),
(877, '56ipMetqP9ay0Xw',  1000000032, 1,  '2015-12-06 00:00:00'),
(878, 'dKeMD7no4LyC1V0',  1000000032, 1,  '2015-12-06 00:00:00'),
(879, 'TG6YwNRHarjOy3p',  1000000032, 1,  '2015-12-06 00:00:00'),
(880, 'xizcKr8FNS09mXh',  1000000032, 1,  '2015-12-06 00:00:00'),
(881, '8BD0OcfdZP3NY4Q',  1000000032, 1,  '2015-12-06 00:00:00'),
(882, 'pAZGDTXrteiM7If',  1000000032, 1,  '2015-12-06 00:00:00'),
(883, 'OeTBgRJLx9FdiV2',  1000000032, 1,  '2015-12-06 00:00:00'),
(884, 'k2CxtdqWF79GwPH',  1000000032, 1,  '2015-12-06 00:00:00'),
(885, '2I5mxnFKBWDaGub',  1000000032, 1,  '2015-12-06 00:00:00'),
(886, 'x8zUGWoAF7OHSeN',  1000000032, 1,  '2015-12-06 00:00:00'),
(887, 'BREfWAaGCepq0Oj',  1000000032, 1,  '2015-12-06 00:00:00'),
(888, 'e9HEvWStnBC5Kkm',  1000000032, 1,  '2015-12-06 00:00:00'),
(889, 'KskGPnH0iN46WxQ',  1000000032, 1,  '2015-12-06 00:00:00'),
(890, 'sQqzCO6do07eTB4',  1000000032, 1,  '2015-12-06 00:00:00'),
(891, 'AkDWxRomXzCj8QP',  1000000032, 1,  '2015-12-06 00:00:00'),
(892, 'C1N3T08E6WPU5GA',  1000000032, 1,  '2015-12-06 00:00:00'),
(893, 'vrnyYtlaGIoLqwe',  1000000032, 1,  '2015-12-06 00:00:00'),
(894, 'qySjw7F3K96dheo',  1000000032, 1,  '2015-12-06 00:00:00'),
(895, 'TsebPN8DwcWUJ6r',  1000000032, 1,  '2015-12-06 00:00:00'),
(896, 'v6Ody0MEIJK3uok',  1000000032, 1,  '2015-12-06 00:00:00'),
(897, 'F54xnU2WjMrtdkE',  1000000032, 1,  '2015-12-06 00:00:00'),
(898, 'ypUvNxogBJfK4Y7',  1000000032, 1,  '2015-12-06 00:00:00'),
(899, '3cNmiWXUYe8tL2A',  1000000032, 1,  '2015-12-06 00:00:00'),
(900, 'qAJm1vOBshf65V3',  1000000032, 1,  '2015-12-06 00:00:00'),
(901, '20f0fcc10958765',  1000000029, 0,  '2015-12-06 00:00:00'),
(902, 'f30UOJLgkpE7lAY',  1000000018, 1,  '2015-12-06 00:00:00'),
(903, 'bBktQlorWGJY2aC',  1000000018, 1,  '2015-12-06 00:00:00'),
(904, '1b5X0E2xD8CUHtL',  1000000018, 1,  '2015-12-06 00:00:00'),
(905, 'PvqmJj1Qkl7Cgr9',  1000000018, 1,  '2015-12-06 00:00:00'),
(906, 'f5V0kYmNlbdZtUP',  1000000018, 1,  '2015-12-06 00:00:00'),
(907, 'RifE25eTWrOyagF',  1000000018, 1,  '2015-12-06 00:00:00'),
(908, 'rZi3qJuRlgWOGnb',  1000000018, 1,  '2015-12-06 00:00:00'),
(909, 'SiVrQzJFC8WspXK',  1000000018, 1,  '2015-12-06 00:00:00'),
(910, 'NsU95Gi27omRLEw',  1000000018, 1,  '2015-12-06 00:00:00'),
(911, 'O6L9UYbgk2nPcqw',  1000000018, 1,  '2015-12-06 00:00:00'),
(912, '2UBWY6OtureqL8z',  1000000018, 1,  '2015-12-06 00:00:00'),
(913, '7W9vQLuolcJ58Xi',  1000000018, 1,  '2015-12-06 00:00:00'),
(914, 'cs8RQC0FYrZokzg',  1000000018, 1,  '2015-12-06 00:00:00'),
(915, 'MGx7ka5vHbTDNoU',  1000000018, 1,  '2015-12-06 00:00:00'),
(916, 'xMkqu4hsHN8JU9a',  1000000018, 1,  '2015-12-06 00:00:00'),
(917, 'PhV6reC5c0aSLi7',  1000000018, 1,  '2015-12-06 00:00:00'),
(918, '4YPvV3pco8JO6tQ',  1000000018, 1,  '2015-12-06 00:00:00'),
(919, '9Xw4tuHYzFgxpAn',  1000000018, 1,  '2015-12-06 00:00:00'),
(920, 'FgwsEhOZ2WLyXvk',  1000000018, 1,  '2015-12-06 00:00:00'),
(921, 'YtVMNc6fyiuU5v4',  1000000018, 1,  '2015-12-06 00:00:00'),
(922, 'M1LISpOdJXqVh5s',  1000000018, 1,  '2015-12-06 00:00:00'),
(923, 'guSjWyGsXVAaE1Q',  1000000018, 1,  '2015-12-06 00:00:00'),
(924, 'Dtwa8fNTnhlueEp',  1000000018, 1,  '2015-12-06 00:00:00'),
(925, 'j491ZvRSaXklxfd',  1000000018, 1,  '2015-12-06 00:00:00'),
(926, 'xfTFgKZyqkmbCA4',  1000000018, 1,  '2015-12-06 00:00:00'),
(927, 'xi61n5EI2aB9JyL',  1000000018, 1,  '2015-12-06 00:00:00'),
(928, 'htmELaiMjqrklPo',  1000000018, 1,  '2015-12-06 00:00:00'),
(929, 'SeQ0yl2jr1ZwBAh',  1000000018, 1,  '2015-12-06 00:00:00'),
(930, 'nXENFlayC76AvVD',  1000000018, 1,  '2015-12-06 00:00:00'),
(931, 'IhUunvHYM06aJPj',  1000000018, 1,  '2015-12-06 00:00:00'),
(932, 'BeI6OiWal3EgADL',  1000000018, 1,  '2015-12-06 00:00:00'),
(933, 'pTa1UwuMDFGyAi6',  1000000018, 1,  '2015-12-06 00:00:00'),
(934, '7po0mDdXSgiUwK6',  1000000018, 1,  '2015-12-06 00:00:00'),
(935, 'txRUQEy06MvGaV1',  1000000018, 1,  '2015-12-06 00:00:00'),
(936, 'Q0zVSMDCA2HqZ9v',  1000000018, 1,  '2015-12-06 00:00:00'),
(937, 'WP0sUDLRl2cgQ5q',  1000000018, 1,  '2015-12-06 00:00:00'),
(938, 'yreU8iJkWZEGB0D',  1000000018, 1,  '2015-12-06 00:00:00'),
(939, 'wF6O8Y7hvEAtXP9',  1000000018, 1,  '2015-12-06 00:00:00'),
(940, 'yBLgJrOU3qx9opN',  1000000018, 1,  '2015-12-06 00:00:00'),
(941, 'ZQrnFBa0kgHDmxv',  1000000018, 1,  '2015-12-06 00:00:00'),
(942, '9J1b703SCYEqoFX',  1000000018, 1,  '2015-12-06 00:00:00'),
(943, 'D1qLmUpZYHndNBV',  1000000018, 1,  '2015-12-06 00:00:00'),
(944, 'bt5EZYF1WsoILRV',  1000000018, 1,  '2015-12-06 00:00:00'),
(945, 'cB0rtNFz1SiYXq6',  1000000018, 1,  '2015-12-06 00:00:00'),
(946, 'BfsSHR4yq1L5kUG',  1000000018, 1,  '2015-12-06 00:00:00'),
(947, 'BoeryOQUna6s5iF',  1000000018, 1,  '2015-12-06 00:00:00'),
(948, '5rimX4BRMnGZCgJ',  1000000018, 1,  '2015-12-06 00:00:00'),
(949, 'YlLzAmV0UH32aMp',  1000000018, 1,  '2015-12-06 00:00:00'),
(950, 'CTRrqDZw4PLpNXa',  1000000018, 1,  '2015-12-06 00:00:00'),
(951, 'ghoQSmUM2F4lEeO',  1000000018, 1,  '2015-12-06 00:00:00'),
(952, 'wmDcjb0LrUdFvQE',  1000000018, 1,  '2015-12-06 00:00:00'),
(953, 'V6SOtBUouEwcPfl',  1000000018, 1,  '2015-12-06 00:00:00'),
(954, 'B2nsjegbwrkIoYN',  1000000018, 1,  '2015-12-06 00:00:00'),
(955, 'cfXFh8WodJMti3V',  1000000018, 1,  '2015-12-06 00:00:00'),
(956, 'FiYHsJ5AvP8n1ZV',  1000000018, 1,  '2015-12-06 00:00:00'),
(957, 'j1E3MmeDAZv2RY7',  1000000018, 1,  '2015-12-06 00:00:00'),
(958, 'i7JsayUmG4xlW2M',  1000000018, 1,  '2015-12-06 00:00:00'),
(959, 'jTk5lVCISaWidx8',  1000000018, 1,  '2015-12-06 00:00:00'),
(960, 'SOmdEAYbMGsv9hB',  1000000018, 1,  '2015-12-06 00:00:00'),
(961, 'huIWMawTeCG6lAY',  1000000018, 1,  '2015-12-06 00:00:00'),
(962, 'dQjRXGl29CVDgmb',  1000000018, 1,  '2015-12-06 00:00:00'),
(963, '9lHtV3Pn4IKgov6',  1000000018, 1,  '2015-12-06 00:00:00'),
(964, 'xjXCbMzL4qsvJgE',  1000000018, 1,  '2015-12-06 00:00:00'),
(965, 'TnUxsDc3Vh9Cftj',  1000000018, 1,  '2015-12-06 00:00:00'),
(966, 'Q0aMnCchBT1loiL',  1000000018, 1,  '2015-12-06 00:00:00'),
(967, 'EHCebIuTXSM6hZg',  1000000018, 1,  '2015-12-06 00:00:00'),
(968, 'OFL3EIHGQ78gAsJ',  1000000018, 1,  '2015-12-06 00:00:00'),
(969, 'DMhOL1Y3iF7vdVy',  1000000018, 1,  '2015-12-06 00:00:00'),
(970, 'OdaEPDux04GojJz',  1000000018, 1,  '2015-12-06 00:00:00'),
(971, 'S1nAmGBMbsUYpwd',  1000000018, 1,  '2015-12-06 00:00:00'),
(972, 'QPtG2igEk91DdmB',  1000000018, 1,  '2015-12-06 00:00:00'),
(973, 'BcUbFP1MlS3x9T2',  1000000018, 1,  '2015-12-06 00:00:00'),
(974, 'bRxdKmS7wL5zOgj',  1000000018, 1,  '2015-12-06 00:00:00'),
(975, 'P3fqXJi0xLZSn5a',  1000000018, 1,  '2015-12-06 00:00:00'),
(976, 'TK7nqphCot6Rf81',  1000000018, 1,  '2015-12-06 00:00:00'),
(977, 'A8Y439dHpnSXOLo',  1000000018, 1,  '2015-12-06 00:00:00'),
(978, 'GOEBVcjkJboSraT',  1000000018, 1,  '2015-12-06 00:00:00'),
(979, 'O2lWmeqHPXzTk8F',  1000000018, 1,  '2015-12-06 00:00:00'),
(980, 'b0fBNdPtAqky5j7',  1000000018, 1,  '2015-12-06 00:00:00'),
(981, '7L4ODXEhG5K9m6i',  1000000018, 1,  '2015-12-06 00:00:00'),
(982, 'rfx3nQkoWP2cUzm',  1000000018, 1,  '2015-12-06 00:00:00'),
(983, 'JHNtYbsp41W8TfL',  1000000018, 1,  '2015-12-06 00:00:00'),
(984, 'eguidlHqBQJcX5y',  1000000018, 1,  '2015-12-06 00:00:00'),
(985, 'Bbp7Dts5Al4W0Uj',  1000000018, 1,  '2015-12-06 00:00:00'),
(986, 'cnjpwR1X0GBNAJW',  1000000018, 1,  '2015-12-06 00:00:00'),
(987, '6kqIuNSPKnl4tx0',  1000000018, 1,  '2015-12-06 00:00:00'),
(988, 'FRsCoVx4KbN7tUw',  1000000018, 1,  '2015-12-06 00:00:00'),
(989, 'mnNG8MkUPzod6tv',  1000000018, 1,  '2015-12-06 00:00:00'),
(990, 'uVvfXIme1RUlySH',  1000000018, 1,  '2015-12-06 00:00:00'),
(991, 'hcGO8vWo1dyiqMR',  1000000018, 1,  '2015-12-06 00:00:00'),
(992, 'gu9bdn51Gyp42zX',  1000000018, 1,  '2015-12-06 00:00:00'),
(993, 'SIH4R8ZVqDPBeXx',  1000000018, 1,  '2015-12-06 00:00:00'),
(994, 'jpS9BRD6YM3rU2m',  1000000018, 1,  '2015-12-06 00:00:00'),
(995, 'SgLb7wZmzj8eifD',  1000000018, 1,  '2015-12-06 00:00:00'),
(996, '6sI7ZRhjwE2NM4m',  1000000018, 1,  '2015-12-06 00:00:00'),
(997, 'nFIouyeirRsAmvC',  1000000018, 1,  '2015-12-06 00:00:00'),
(998, 'LacUDVvemj2OMEs',  1000000018, 1,  '2015-12-06 00:00:00'),
(999, 'i7oPfXSMhy3Igj8',  1000000018, 1,  '2015-12-06 00:00:00'),
(1000,  '41n86vrRozQlHYc',  1000000018, 1,  '2015-12-06 00:00:00'),
(1001,  'y8b1rEm7QSUTvX2',  1000000018, 1,  '2015-12-06 00:00:00'),
(1002,  'S4byEv9zfwI6A20',  1000000033, 1,  '2015-12-06 00:00:00'),
(1003,  'sOxfTzQRKEVoaJW',  1000000033, 1,  '2015-12-06 00:00:00'),
(1004,  '8KLk5MoumT9RgOA',  1000000033, 1,  '2015-12-06 00:00:00'),
(1005,  'JIhb3UYZRvSQ4Aq',  1000000033, 1,  '2015-12-06 00:00:00'),
(1006,  'W1ul7QAfzmjI3ob',  1000000033, 1,  '2015-12-06 00:00:00'),
(1007,  'hFa0x8JIUunH2eB',  1000000033, 1,  '2015-12-06 00:00:00'),
(1008,  '8M1pVlQ0NTCveh5',  1000000033, 1,  '2015-12-06 00:00:00'),
(1009,  'XWPNdtGC0rE5cBl',  1000000033, 1,  '2015-12-06 00:00:00'),
(1010,  'jsHFgd4AY890m6J',  1000000033, 1,  '2015-12-06 00:00:00'),
(1011,  'ONS1vLsuCjzUtqB',  1000000033, 1,  '2015-12-06 00:00:00'),
(1012,  'MVevG2JB4TSKWPL',  1000000033, 1,  '2015-12-06 00:00:00'),
(1013,  'Iuo2wU8pTm7lVSJ',  1000000033, 1,  '2015-12-06 00:00:00'),
(1014,  '4yjH1iFmNTgJWfZ',  1000000033, 1,  '2015-12-06 00:00:00'),
(1015,  'TqPs8WBf0hN1noK',  1000000033, 1,  '2015-12-06 00:00:00'),
(1016,  'mcoUHkItQn4Jjfz',  1000000033, 1,  '2015-12-06 00:00:00'),
(1017,  'pXCF0gMLjPk5bN2',  1000000033, 1,  '2015-12-06 00:00:00'),
(1018,  '1gir9OvHdRpesnF',  1000000033, 1,  '2015-12-06 00:00:00'),
(1019,  '2Qm5Ee0wbVXrHkS',  1000000033, 1,  '2015-12-06 00:00:00'),
(1020,  'rBcmzAT2dDa8FNq',  1000000033, 1,  '2015-12-06 00:00:00'),
(1021,  '9Br2qKow6ED4mMl',  1000000033, 1,  '2015-12-06 00:00:00'),
(1022,  'FC83V6xj5Stsdwb',  1000000033, 1,  '2015-12-06 00:00:00'),
(1023,  '2kzMPR8GF45KiuX',  1000000033, 1,  '2015-12-06 00:00:00'),
(1024,  'sxwL3Hc7y8eafzT',  1000000033, 1,  '2015-12-06 00:00:00'),
(1025,  'PeXYiUlvEpxRwga',  1000000033, 1,  '2015-12-06 00:00:00'),
(1026,  'KmPYd1DySQUiB0b',  1000000033, 1,  '2015-12-06 00:00:00'),
(1027,  'qUszC5ceYaHG4rb',  1000000033, 1,  '2015-12-06 00:00:00'),
(1028,  'JW785hCtZwB6jed',  1000000033, 1,  '2015-12-06 00:00:00'),
(1029,  'YQxahZEG0PLSKU8',  1000000033, 1,  '2015-12-06 00:00:00'),
(1030,  'T8btl1xnem2jDPc',  1000000033, 1,  '2015-12-06 00:00:00'),
(1031,  'Ii5HhMZvpYTOm2q',  1000000033, 1,  '2015-12-06 00:00:00'),
(1032,  'ishKIFO2UupJCcY',  1000000033, 1,  '2015-12-06 00:00:00'),
(1033,  'tnHDokMulTaNU48',  1000000033, 1,  '2015-12-06 00:00:00'),
(1034,  '9LnoTCFyjc8V2Ob',  1000000033, 1,  '2015-12-06 00:00:00'),
(1035,  'iT1CIheVG0SsuRF',  1000000033, 1,  '2015-12-06 00:00:00'),
(1036,  'whXpOknQd7qVv09',  1000000033, 1,  '2015-12-06 00:00:00'),
(1037,  'mUjvc2pFdHayxG8',  1000000033, 1,  '2015-12-06 00:00:00'),
(1038,  'KphvVQHnabmNq9B',  1000000033, 1,  '2015-12-06 00:00:00'),
(1039,  'fC19QrcD6ALMmvu',  1000000033, 1,  '2015-12-06 00:00:00'),
(1040,  'lZ7xiJWUSgHOnpT',  1000000033, 1,  '2015-12-06 00:00:00'),
(1041,  'jSL67n2xWUH3ptR',  1000000033, 1,  '2015-12-06 00:00:00'),
(1042,  'TnWlws3MFtZNmpv',  1000000033, 1,  '2015-12-06 00:00:00'),
(1043,  'bZVEFCTogiM9psu',  1000000033, 1,  '2015-12-06 00:00:00'),
(1044,  'pXLC8Hz9ot3G4kZ',  1000000033, 1,  '2015-12-06 00:00:00'),
(1045,  'ehmIzs6yRQ4wP3n',  1000000033, 1,  '2015-12-06 00:00:00'),
(1046,  'o4ML5sjDVbzgxCu',  1000000033, 1,  '2015-12-06 00:00:00'),
(1047,  'ujGJ4YnNEo1xdVO',  1000000033, 1,  '2015-12-06 00:00:00'),
(1048,  'WGFHibxDVTBUwzf',  1000000033, 1,  '2015-12-06 00:00:00'),
(1049,  'bRyALFpUP1qNd9l',  1000000033, 1,  '2015-12-06 00:00:00'),
(1050,  'Ay0MKU6phvOSR7s',  1000000033, 1,  '2015-12-06 00:00:00'),
(1051,  'fWmQUja8qOZdIlE',  1000000033, 1,  '2015-12-06 00:00:00'),
(1052,  'cqyNwl8H4hWGjIE',  1000000033, 1,  '2015-12-06 00:00:00'),
(1053,  'o6OgFCIjkGymeqh',  1000000033, 1,  '2015-12-06 00:00:00'),
(1054,  'U1OTKRJCpF4gNh3',  1000000033, 1,  '2015-12-06 00:00:00'),
(1055,  'ZgBzvShm65YdKsP',  1000000033, 1,  '2015-12-06 00:00:00'),
(1056,  'MRBpvTCOPyqbWDI',  1000000033, 1,  '2015-12-06 00:00:00'),
(1057,  'V71K25tvRsq3elX',  1000000033, 1,  '2015-12-06 00:00:00'),
(1058,  'sboQphzTFOVSGeu',  1000000033, 1,  '2015-12-06 00:00:00'),
(1059,  '0TSpL9kN3qYDXgR',  1000000033, 1,  '2015-12-06 00:00:00'),
(1060,  'zKsJFgqnvY3QX2a',  1000000033, 1,  '2015-12-06 00:00:00'),
(1061,  'UcZyhamvqjzIKW4',  1000000033, 1,  '2015-12-06 00:00:00'),
(1062,  'tnTcLHVKJk9SxX6',  1000000033, 1,  '2015-12-06 00:00:00'),
(1063,  'QEYnRqhKjvI7rsg',  1000000033, 1,  '2015-12-06 00:00:00'),
(1064,  'GQI0vZYMSuEjw1e',  1000000033, 1,  '2015-12-06 00:00:00'),
(1065,  '6jHrJ3Vo8GlPz5I',  1000000033, 1,  '2015-12-06 00:00:00'),
(1066,  'gfNcL5oMilr4uCY',  1000000033, 1,  '2015-12-06 00:00:00'),
(1067,  'c4Bdf6JDz5joKV7',  1000000033, 1,  '2015-12-06 00:00:00'),
(1068,  'SZEAmx4kpX9KcW3',  1000000033, 1,  '2015-12-06 00:00:00'),
(1069,  'qzuj9yho8YdWT5t',  1000000033, 1,  '2015-12-06 00:00:00'),
(1070,  '9GbaUFOzmkjlZVo',  1000000033, 1,  '2015-12-06 00:00:00'),
(1071,  'R5aU8h207JIkgLt',  1000000033, 1,  '2015-12-06 00:00:00'),
(1072,  '9H14J3DCTYeG8Ak',  1000000033, 1,  '2015-12-06 00:00:00'),
(1073,  'vDp95idPyoGXeBQ',  1000000033, 1,  '2015-12-06 00:00:00'),
(1074,  'x0VzoSHiRFBhsMG',  1000000033, 1,  '2015-12-06 00:00:00'),
(1075,  'MlQwVqRPUBDr1iX',  1000000033, 1,  '2015-12-06 00:00:00'),
(1076,  'za0DuSWyHjOdUni',  1000000033, 1,  '2015-12-06 00:00:00'),
(1077,  'rkZTK6mzO5fHAij',  1000000033, 1,  '2015-12-06 00:00:00'),
(1078,  'ZhJ2R15aWqDwP0y',  1000000033, 1,  '2015-12-06 00:00:00'),
(1079,  'kKQ4xgIBUp03uwz',  1000000033, 1,  '2015-12-06 00:00:00'),
(1080,  'faSGwDiXcBmZW3s',  1000000033, 1,  '2015-12-06 00:00:00'),
(1081,  'K5b4RNArs0oaSf6',  1000000033, 1,  '2015-12-06 00:00:00'),
(1082,  'Hxl8BPmtcLXo0Ed',  1000000033, 1,  '2015-12-06 00:00:00'),
(1083,  'CAIn5yvN62RKaYi',  1000000033, 1,  '2015-12-06 00:00:00'),
(1084,  'dbSOmk3HUrwPupE',  1000000033, 1,  '2015-12-06 00:00:00'),
(1085,  'zwf0bDGBAcPy7S9',  1000000033, 1,  '2015-12-06 00:00:00'),
(1086,  'JafTF62lVdbwN4S',  1000000033, 1,  '2015-12-06 00:00:00'),
(1087,  'BJRbGYQFD7toV9a',  1000000033, 1,  '2015-12-06 00:00:00'),
(1088,  'Il1VnuWMbALEJSX',  1000000033, 1,  '2015-12-06 00:00:00'),
(1089,  'zhHVi3aNgvxon7P',  1000000033, 1,  '2015-12-06 00:00:00'),
(1090,  '3MpXsVZtf7wjg2A',  1000000033, 1,  '2015-12-06 00:00:00'),
(1091,  'nm4tYuyah5KRlL9',  1000000033, 1,  '2015-12-06 00:00:00'),
(1092,  '5unpjQSZmhMaYP0',  1000000033, 1,  '2015-12-06 00:00:00'),
(1093,  '0Ial6Zhe4FRKWur',  1000000033, 1,  '2015-12-06 00:00:00'),
(1094,  'ihxSWYsK61MzFT9',  1000000033, 1,  '2015-12-06 00:00:00'),
(1095,  'hatVLpS1JTHlNvX',  1000000033, 1,  '2015-12-06 00:00:00'),
(1096,  'Mr9C2TLd4sVcbYU',  1000000033, 1,  '2015-12-06 00:00:00'),
(1097,  'iT8n9yF2fbl01sx',  1000000033, 1,  '2015-12-06 00:00:00'),
(1098,  'SrjUN17L0nBXMQt',  1000000033, 1,  '2015-12-06 00:00:00'),
(1099,  'YeDWRu4zxJFgNpy',  1000000033, 1,  '2015-12-06 00:00:00'),
(1100,  'ciZ7xSMp2hP3rN6',  1000000033, 1,  '2015-12-06 00:00:00'),
(1101,  'x2KMLi6DHoFadbu',  1000000033, 1,  '2015-12-06 00:00:00'),
(1102,  'mkDPWlSqBAwdisM',  1000000034, 1,  '2015-12-06 00:00:00'),
(1103,  'jYgOhseFEGIXmKR',  1000000034, 1,  '2015-12-06 00:00:00'),
(1104,  'NfXSDuE1ebcxVKU',  1000000034, 1,  '2015-12-06 00:00:00'),
(1105,  'rFJztdC2HTqfANU',  1000000034, 1,  '2015-12-06 00:00:00'),
(1106,  'Q1iYBKc7CdLz3v8',  1000000034, 1,  '2015-12-06 00:00:00'),
(1107,  'zNv27aHMScsIEAP',  1000000034, 1,  '2015-12-06 00:00:00'),
(1108,  'I3q5AaJtND6BM7R',  1000000034, 1,  '2015-12-06 00:00:00'),
(1109,  'yn5Xi2Hh4spLmWY',  1000000034, 1,  '2015-12-06 00:00:00'),
(1110,  'jec4B6dgwyFsp0M',  1000000034, 1,  '2015-12-06 00:00:00'),
(1111,  '03GYwkb2PMc1xnV',  1000000034, 1,  '2015-12-06 00:00:00'),
(1112,  'PVkNdszW6Mrj2EG',  1000000034, 1,  '2015-12-06 00:00:00'),
(1113,  'HFkoecl7U5OVEYv',  1000000034, 1,  '2015-12-06 00:00:00'),
(1114,  'jfGa8Tl7XuhWRJH',  1000000034, 1,  '2015-12-06 00:00:00'),
(1115,  'vLjwEh9BoJDM3T6',  1000000034, 1,  '2015-12-06 00:00:00'),
(1116,  'ZeQybpxgaUfCBPF',  1000000034, 1,  '2015-12-06 00:00:00'),
(1117,  'wY4gyZJsvfeBkNX',  1000000034, 1,  '2015-12-06 00:00:00'),
(1118,  '5oxs3fFHpw2OMUV',  1000000034, 1,  '2015-12-06 00:00:00'),
(1119,  'ZXFxTgJuIY54pVz',  1000000034, 1,  '2015-12-06 00:00:00'),
(1120,  'eBit1L8TIPWOG3v',  1000000034, 1,  '2015-12-06 00:00:00'),
(1121,  'oqphx80va1ZDgOL',  1000000034, 1,  '2015-12-06 00:00:00'),
(1122,  'oLDOieTXU1katM3',  1000000034, 1,  '2015-12-06 00:00:00'),
(1123,  '7nhu0wsIEHpNg4m',  1000000034, 1,  '2015-12-06 00:00:00'),
(1124,  'rujhoqMRyA8H0zn',  1000000034, 1,  '2015-12-06 00:00:00'),
(1125,  'fYHaAWbPS0X1rDl',  1000000034, 1,  '2015-12-06 00:00:00'),
(1126,  'Efo9xKizRrWOL7V',  1000000034, 1,  '2015-12-06 00:00:00'),
(1127,  'y2tBmgkxTniIZuw',  1000000034, 1,  '2015-12-06 00:00:00'),
(1128,  'wqnIFBJ0eDdKPLl',  1000000034, 1,  '2015-12-06 00:00:00'),
(1129,  'vpy7lHeStP36krM',  1000000034, 1,  '2015-12-06 00:00:00'),
(1130,  'iDZ1bTLBvlOEzf9',  1000000034, 1,  '2015-12-06 00:00:00'),
(1131,  'qZd7SmBh2kaioQJ',  1000000034, 1,  '2015-12-06 00:00:00'),
(1132,  'Vxq89OID4gnPpkj',  1000000034, 1,  '2015-12-06 00:00:00'),
(1133,  'EQjHh27slN5VGMD',  1000000034, 1,  '2015-12-06 00:00:00'),
(1134,  'qWlQHi8xnTO1ZXf',  1000000034, 1,  '2015-12-06 00:00:00'),
(1135,  'GIZ8ya3MnO1ABHD',  1000000034, 1,  '2015-12-06 00:00:00'),
(1136,  'tYfsS970irX2CWZ',  1000000034, 1,  '2015-12-06 00:00:00'),
(1137,  'H1SQGeU3NLRXorh',  1000000034, 1,  '2015-12-06 00:00:00'),
(1138,  'FENqzIYCKyuUa0P',  1000000034, 1,  '2015-12-06 00:00:00'),
(1139,  '3QK2uSIAUObixPT',  1000000034, 1,  '2015-12-06 00:00:00'),
(1140,  'aX7zNtiRpqdwCU4',  1000000034, 1,  '2015-12-06 00:00:00'),
(1141,  'R2xEZD04OyL8TIl',  1000000034, 1,  '2015-12-06 00:00:00'),
(1142,  'D5erSlIciVq1a82',  1000000034, 1,  '2015-12-06 00:00:00'),
(1143,  'jksEoPd6pQnbT7v',  1000000034, 1,  '2015-12-06 00:00:00'),
(1144,  'aRv51KCmoEXZeTh',  1000000034, 1,  '2015-12-06 00:00:00'),
(1145,  'PAyU4HzqDVneKjo',  1000000034, 1,  '2015-12-06 00:00:00'),
(1146,  'ngPhCFjBMlJdQcK',  1000000034, 1,  '2015-12-06 00:00:00'),
(1147,  'UnPxuZksTEJWpL4',  1000000034, 1,  '2015-12-06 00:00:00'),
(1148,  'HEltqrPRZOmhi4u',  1000000034, 1,  '2015-12-06 00:00:00'),
(1149,  '4aIF3jlbvCmLOxA',  1000000034, 1,  '2015-12-06 00:00:00'),
(1150,  'WG4miLzqNnEZ6ul',  1000000034, 1,  '2015-12-06 00:00:00'),
(1151,  '6rA1h0Ckl5tDITp',  1000000034, 1,  '2015-12-06 00:00:00'),
(1152,  'hJSGot8CvwAg9X5',  1000000034, 1,  '2015-12-06 00:00:00'),
(1153,  '6oFzkMS20mulsep',  1000000034, 1,  '2015-12-06 00:00:00'),
(1154,  'j9zxZrwiLb3O76G',  1000000034, 1,  '2015-12-06 00:00:00'),
(1155,  'KCFEsxQL4DfbNa0',  1000000034, 1,  '2015-12-06 00:00:00'),
(1156,  '0ofHy6uEPNxTjnv',  1000000034, 1,  '2015-12-06 00:00:00'),
(1157,  'YJ9ltZCOKSzkI6X',  1000000034, 1,  '2015-12-06 00:00:00'),
(1158,  'SMraPHJg34QtVl9',  1000000034, 1,  '2015-12-06 00:00:00'),
(1159,  'l7xoRIdbpFjty2n',  1000000034, 1,  '2015-12-06 00:00:00'),
(1160,  'mnr6sVgeA9I75bG',  1000000034, 1,  '2015-12-06 00:00:00'),
(1161,  'ja8GABPxvm5i4OX',  1000000034, 1,  '2015-12-06 00:00:00'),
(1162,  'Py4sHg7DmbIvBoj',  1000000034, 1,  '2015-12-06 00:00:00'),
(1163,  '1zZD8fEIytiqTa9',  1000000034, 1,  '2015-12-06 00:00:00'),
(1164,  'WIp80YLl1HhGxkJ',  1000000034, 1,  '2015-12-06 00:00:00'),
(1165,  'KjzA2PEFOCg8SI1',  1000000034, 1,  '2015-12-06 00:00:00'),
(1166,  'XUjOCYEcqfzsdGp',  1000000034, 1,  '2015-12-06 00:00:00'),
(1167,  'odUFiX7h1lJqkRQ',  1000000034, 1,  '2015-12-06 00:00:00'),
(1168,  'Htl41IzF80qGMWR',  1000000034, 1,  '2015-12-06 00:00:00'),
(1169,  'TZ5q8c4EIrdG7PO',  1000000034, 1,  '2015-12-06 00:00:00'),
(1170,  'Mv0EJIObH1WySUt',  1000000034, 1,  '2015-12-06 00:00:00'),
(1171,  'NOXifFtPH7m4Jbh',  1000000034, 1,  '2015-12-06 00:00:00'),
(1172,  'nF3YcSkPGB7NdsX',  1000000034, 1,  '2015-12-06 00:00:00'),
(1173,  'osEWlr9Ymdi86Sv',  1000000034, 1,  '2015-12-06 00:00:00'),
(1174,  'uH54pbh1tr7yFZj',  1000000034, 1,  '2015-12-06 00:00:00'),
(1175,  'zPjBesTfXLNvZ5t',  1000000034, 1,  '2015-12-06 00:00:00'),
(1176,  'N4HQdgSqnOZftwI',  1000000034, 1,  '2015-12-06 00:00:00'),
(1177,  'qr91GAbFSWwl4Dz',  1000000034, 1,  '2015-12-06 00:00:00'),
(1178,  'ZB8li0WvqOt3yJF',  1000000034, 1,  '2015-12-06 00:00:00'),
(1179,  'a2qK7ocupUPgLl0',  1000000034, 1,  '2015-12-06 00:00:00'),
(1180,  'PbA0qptfaUX5e2v',  1000000034, 1,  '2015-12-06 00:00:00'),
(1181,  '8FsbVuNWwjSeZXk',  1000000034, 1,  '2015-12-06 00:00:00'),
(1182,  'ijyYrG7KXPT8e9Q',  1000000034, 1,  '2015-12-06 00:00:00'),
(1183,  '3byEp8haUjJfM9o',  1000000034, 1,  '2015-12-06 00:00:00'),
(1184,  'RkJCwn86TIpAzfN',  1000000034, 1,  '2015-12-06 00:00:00'),
(1185,  '6PY37NsmkL1aw4F',  1000000034, 1,  '2015-12-06 00:00:00'),
(1186,  '26n3GEVr4Ajp9CM',  1000000034, 1,  '2015-12-06 00:00:00'),
(1187,  'BP3YguVN2UeQ5JT',  1000000034, 1,  '2015-12-06 00:00:00'),
(1188,  'HMf1FhsDIGUaYwl',  1000000034, 1,  '2015-12-06 00:00:00'),
(1189,  'o0AyK3ng9SqLr6k',  1000000034, 1,  '2015-12-06 00:00:00'),
(1190,  'BNU2lfJMDymFrzV',  1000000034, 1,  '2015-12-06 00:00:00'),
(1191,  '0pqZiQEF9x7rIhP',  1000000034, 1,  '2015-12-06 00:00:00'),
(1192,  'U2Lp37kvb9YPKlO',  1000000034, 1,  '2015-12-06 00:00:00'),
(1193,  'oiZpe2cQkh5bG40',  1000000034, 1,  '2015-12-06 00:00:00'),
(1194,  'NF6W8BgzPTn5MwA',  1000000034, 1,  '2015-12-06 00:00:00'),
(1195,  'GvwdEybrJfk3OUn',  1000000034, 1,  '2015-12-06 00:00:00'),
(1196,  'Iym4Vr53GXlUHho',  1000000034, 1,  '2015-12-06 00:00:00'),
(1197,  'AX08q7JgNRKceML',  1000000034, 1,  '2015-12-06 00:00:00'),
(1198,  'Qp3YqFHlSMc7dJ0',  1000000034, 1,  '2015-12-06 00:00:00'),
(1199,  '4Ga6RXdKxe7Alvu',  1000000034, 1,  '2015-12-06 00:00:00'),
(1200,  '6nRbBSFDyQcdeIg',  1000000034, 1,  '2015-12-06 00:00:00'),
(1201,  'hIV8WgsHaAZRkN9',  1000000034, 1,  '2015-12-06 00:00:00'),
(1202,  'XBQ6G4Z2Y71vqKL',  1000000031, 1,  '2015-12-06 00:00:00'),
(1203,  'L2nqpON0Prcuj5S',  1000000031, 1,  '2015-12-06 00:00:00'),
(1204,  'Cz9kU0GPF5Lmet3',  1000000031, 1,  '2015-12-06 00:00:00'),
(1205,  'W5HJALimy4ZxXfK',  1000000031, 1,  '2015-12-06 00:00:00'),
(1206,  '18eSrsKxjafdDNM',  1000000031, 1,  '2015-12-06 00:00:00'),
(1207,  '8Vibc3omCY2zn7v',  1000000031, 1,  '2015-12-06 00:00:00'),
(1208,  'M4iAfn3EOovbrat',  1000000031, 1,  '2015-12-06 00:00:00'),
(1209,  '7uBJmS5pG4IXRYE',  1000000031, 1,  '2015-12-06 00:00:00'),
(1210,  'hl2rguFDOQk4G7p',  1000000031, 1,  '2015-12-06 00:00:00'),
(1211,  'qo4tRfH0Z27SFzU',  1000000031, 1,  '2015-12-06 00:00:00'),
(1212,  'RHNvXpUbzQGnVjo',  1000000031, 1,  '2015-12-06 00:00:00'),
(1213,  'k3HrieBZ2jzmnlu',  1000000031, 1,  '2015-12-06 00:00:00'),
(1214,  'T596hJeOuNmctKW',  1000000031, 1,  '2015-12-06 00:00:00'),
(1215,  'XC75QbteNOgTknK',  1000000031, 1,  '2015-12-06 00:00:00'),
(1216,  'eIcT0OnSZJx6frK',  1000000031, 1,  '2015-12-06 00:00:00'),
(1217,  'rsFHROKxl3IPgjA',  1000000031, 1,  '2015-12-06 00:00:00'),
(1218,  '9hoHZOSXnIp1xfU',  1000000031, 1,  '2015-12-06 00:00:00'),
(1219,  'iEVafxcl3ROPdZe',  1000000031, 1,  '2015-12-06 00:00:00'),
(1220,  'RGeXftjYvDmpVPy',  1000000031, 1,  '2015-12-06 00:00:00'),
(1221,  'PVk73MfR6Xj2dt4',  1000000031, 1,  '2015-12-06 00:00:00'),
(1222,  'z7Dk2rOt04muldW',  1000000031, 1,  '2015-12-06 00:00:00'),
(1223,  'g6sh7Pu9SQLDwfo',  1000000031, 1,  '2015-12-06 00:00:00'),
(1224,  'BFl3JXTQd6OAR04',  1000000031, 1,  '2015-12-06 00:00:00'),
(1225,  'xbYdrw5jkyDaQqH',  1000000031, 1,  '2015-12-06 00:00:00'),
(1226,  'BJ1qLAw6DK2Ic9y',  1000000031, 1,  '2015-12-06 00:00:00'),
(1227,  'jEPgsZJ8Tn6tiI3',  1000000031, 1,  '2015-12-06 00:00:00'),
(1228,  'dG5CXWYZyEFLMN2',  1000000031, 1,  '2015-12-06 00:00:00'),
(1229,  'KQwTAJHpE1v9irh',  1000000031, 1,  '2015-12-06 00:00:00'),
(1230,  'ptcGi6MZIFYhmP3',  1000000031, 1,  '2015-12-06 00:00:00'),
(1231,  's9tiGJaDQh5luLx',  1000000031, 1,  '2015-12-06 00:00:00'),
(1232,  'PSJNLHzojctfnwg',  1000000031, 1,  '2015-12-06 00:00:00'),
(1233,  'RqSgmpewJf6BD27',  1000000031, 1,  '2015-12-06 00:00:00'),
(1234,  'rwVSIB8MOv4dxtR',  1000000031, 1,  '2015-12-06 00:00:00'),
(1235,  'J5RrCyNZoPGk7Bw',  1000000031, 1,  '2015-12-06 00:00:00'),
(1236,  'f8Xm0HP9leaTDbZ',  1000000031, 1,  '2015-12-06 00:00:00'),
(1237,  'JpYQzwDK7WtGsZH',  1000000031, 1,  '2015-12-06 00:00:00'),
(1238,  'vM9dui5sIOwQyAD',  1000000031, 1,  '2015-12-06 00:00:00'),
(1239,  'u8qgBodkOl7X1tf',  1000000031, 1,  '2015-12-06 00:00:00'),
(1240,  '3Q8qYTP4dtBO21c',  1000000031, 1,  '2015-12-06 00:00:00'),
(1241,  'epEhx9Ll1rCjiyD',  1000000031, 1,  '2015-12-06 00:00:00'),
(1242,  'L9Bw5MURunHAgYd',  1000000031, 1,  '2015-12-06 00:00:00'),
(1243,  'z53g9FIS1aV8ud6',  1000000031, 1,  '2015-12-06 00:00:00'),
(1244,  'Yp4jhC3Sd6rLKOw',  1000000031, 1,  '2015-12-06 00:00:00'),
(1245,  'IA86pMZWe0Omlr4',  1000000031, 1,  '2015-12-06 00:00:00'),
(1246,  'XPzsdZ9ACJujwWM',  1000000031, 1,  '2015-12-06 00:00:00'),
(1247,  'IhYbjR7ukXlQEg9',  1000000031, 1,  '2015-12-06 00:00:00'),
(1248,  'YijUEb6BhTyeqXL',  1000000031, 1,  '2015-12-06 00:00:00'),
(1249,  'XyavHS1smhkOdQ4',  1000000031, 1,  '2015-12-06 00:00:00'),
(1250,  'ed7Ov4nWSI8JCot',  1000000031, 1,  '2015-12-06 00:00:00'),
(1251,  'xfGXH62ZMsSkoAj',  1000000031, 1,  '2015-12-06 00:00:00'),
(1252,  'ZEUGe3W7BT5pPaL',  1000000031, 1,  '2015-12-06 00:00:00'),
(1253,  'BHkXUegoRY4tSQP',  1000000031, 1,  '2015-12-06 00:00:00'),
(1254,  'CQS0u3YkvTLAxVm',  1000000031, 1,  '2015-12-06 00:00:00'),
(1255,  'FVlQ7HdYGxtWTC9',  1000000031, 1,  '2015-12-06 00:00:00'),
(1256,  'dB83UngWl9ie6K1',  1000000031, 1,  '2015-12-06 00:00:00'),
(1257,  'ADTC6ohzHrpW8kj',  1000000031, 1,  '2015-12-06 00:00:00'),
(1258,  'fN6RXWYvm9EGrSi',  1000000031, 1,  '2015-12-06 00:00:00'),
(1259,  '7O5LTsC9gqeMYoi',  1000000031, 1,  '2015-12-06 00:00:00'),
(1260,  'xXvuSRcNWnir2s1',  1000000031, 1,  '2015-12-06 00:00:00'),
(1261,  'ZMXn8FKBWPjhaEU',  1000000031, 1,  '2015-12-06 00:00:00'),
(1262,  '9tYp7j3WxBD6X0G',  1000000031, 1,  '2015-12-06 00:00:00'),
(1263,  'vF4KfeEk6OSoIPm',  1000000031, 1,  '2015-12-06 00:00:00'),
(1264,  'K4szD9SnThH2Yky',  1000000031, 1,  '2015-12-06 00:00:00'),
(1265,  'RjnoqFw6e8m1BrW',  1000000031, 1,  '2015-12-06 00:00:00'),
(1266,  '24ZCGSwKekFhHNm',  1000000031, 1,  '2015-12-06 00:00:00'),
(1267,  'FxHIyJ59gDsE2zl',  1000000031, 1,  '2015-12-06 00:00:00'),
(1268,  'pehbCNFuAV27jUy',  1000000031, 1,  '2015-12-06 00:00:00'),
(1269,  'mGlUy3DcwsCiTXx',  1000000031, 1,  '2015-12-06 00:00:00'),
(1270,  'co89PJ14CtwFAmY',  1000000031, 1,  '2015-12-06 00:00:00'),
(1271,  '6RDJxiToemuycd1',  1000000031, 1,  '2015-12-06 00:00:00'),
(1272,  'YmQIlS6PWo8sUZD',  1000000031, 1,  '2015-12-06 00:00:00'),
(1273,  'K4H7LI6SijceRbM',  1000000031, 1,  '2015-12-06 00:00:00'),
(1274,  'D5Kymx4FG7pisuY',  1000000031, 1,  '2015-12-06 00:00:00'),
(1275,  'mzZbE02oi1OMDfk',  1000000031, 1,  '2015-12-06 00:00:00'),
(1276,  'oAUBTsgYNyx8POa',  1000000031, 1,  '2015-12-06 00:00:00'),
(1277,  'ZTW0C2xG3zdQIje',  1000000031, 1,  '2015-12-06 00:00:00'),
(1278,  't9SZjIUqdX3JMB1',  1000000031, 1,  '2015-12-06 00:00:00'),
(1279,  'kuaIUb8CB4pFdYO',  1000000031, 1,  '2015-12-06 00:00:00'),
(1280,  'Cn2mbNitQ7Pe5M6',  1000000031, 1,  '2015-12-06 00:00:00'),
(1281,  'SgNI2ih957YBob6',  1000000031, 1,  '2015-12-06 00:00:00'),
(1282,  'yeWbwgAjzo2fZJM',  1000000031, 1,  '2015-12-06 00:00:00'),
(1283,  'KwTF9xZC1OgRm6D',  1000000031, 1,  '2015-12-06 00:00:00'),
(1284,  'M2C0g6znXLk8roq',  1000000031, 1,  '2015-12-06 00:00:00'),
(1285,  'yvWCD9RFwEPq1QX',  1000000031, 1,  '2015-12-06 00:00:00'),
(1286,  '9UmOwgi28ef0aVL',  1000000031, 1,  '2015-12-06 00:00:00'),
(1287,  'Tml6wD3vyShqXj4',  1000000031, 1,  '2015-12-06 00:00:00'),
(1288,  'HPemwujNh3aisv5',  1000000031, 1,  '2015-12-06 00:00:00'),
(1289,  '8C2c4tKvunTzRak',  1000000031, 1,  '2015-12-06 00:00:00'),
(1290,  'mNxvdlVeIKFAS81',  1000000031, 1,  '2015-12-06 00:00:00'),
(1291,  'EMlCNtoWTwihuXr',  1000000031, 1,  '2015-12-06 00:00:00'),
(1292,  'KEavBmZr6zDtCpn',  1000000031, 1,  '2015-12-06 00:00:00'),
(1293,  'tle3CWLzn0FsJ56',  1000000031, 1,  '2015-12-06 00:00:00'),
(1294,  'G32hWlmp1u0UcMk',  1000000031, 1,  '2015-12-06 00:00:00'),
(1295,  'rvI8wSeFGsYAC03',  1000000031, 1,  '2015-12-06 00:00:00'),
(1296,  'dDHfNxjtyGFkLU3',  1000000031, 1,  '2015-12-06 00:00:00'),
(1297,  '6tKJBwV8pcmfDbx',  1000000031, 1,  '2015-12-06 00:00:00'),
(1298,  'hPiwLZKm0V8GkDj',  1000000031, 1,  '2015-12-06 00:00:00'),
(1299,  '4ERtmYu3UQfZag0',  1000000031, 1,  '2015-12-06 00:00:00'),
(1300,  'CgGTAwfzStIxWl9',  1000000031, 1,  '2015-12-06 00:00:00'),
(1301,  'rzhUBw786cXPpLn',  1000000031, 1,  '2015-12-06 00:00:00'),
(1302,  '8c751e32e623941',  1000000029, 0,  '2015-12-06 00:00:00'),
(1303,  '5444d65fcb66530',  1000000029, 0,  '2015-12-06 00:00:00'),
(1304,  '6d6c54bfc916041',  1000000029, 0,  '2015-12-06 00:00:00'),
(1305,  '1d302d85f784601',  1000000029, 0,  '2015-12-06 00:00:00'),
(1306,  '2db24fb01c55810',  1000000029, 0,  '2015-12-06 00:00:00'),
(1307,  'bfc17a9bb881785',  1000000029, 0,  '2015-12-06 00:00:00'),
(1308,  '67c699ea5329869',  1000000029, 0,  '2015-12-06 00:00:00'),
(1309,  '30a6c8dafd46857',  1000000029, 0,  '2015-12-06 00:00:00'),
(1310,  'ed5e8c655d38878',  1000000029, 0,  '2015-12-06 00:00:00'),
(1311,  '1f24338ac211122',  1000000029, 1,  '2015-12-06 00:00:00'),
(1312,  '9bcb86e8c321324',  1000000029, 0,  '2015-12-06 00:00:00');

CREATE TABLE `Login` (
  `pin` mediumint(8) unsigned NOT NULL,
  `TanMethod` tinyint(4) NOT NULL,
  `salt` char(64) NOT NULL,
  `Resetkey` varchar(100) DEFAULT NULL,
  `UserId` int(11) NOT NULL AUTO_INCREMENT,
  `Email` varchar(40) NOT NULL,
  `Password` varchar(100) NOT NULL,
  `IsApproved` tinyint(1) NOT NULL,
  `IsEmployee` tinyint(1) NOT NULL,
  `Name` varchar(100) NOT NULL,
  `SessionId` varchar(200) DEFAULT NULL,
  `Session_expire` datetime NOT NULL DEFAULT '1000-01-01 00:00:00',
  `wrong_password_counter` int(1) NOT NULL DEFAULT '0',
  `ban_end_time` datetime NOT NULL DEFAULT '1000-01-01 00:00:00',
  PRIMARY KEY (`UserId`),
  UNIQUE KEY `Login_ak_1` (`Email`)
) ENGINE=InnoDB DEFAULT CHARSET=latin1;

INSERT INTO `Login` (`pin`, `TanMethod`, `salt`, `Resetkey`, `UserId`, `Email`, `Password`, `IsApproved`, `IsEmployee`, `Name`, `SessionId`, `Session_expire`, `wrong_password_counter`, `ban_end_time`) VALUES
(0, 0,  '1586682039565b3598384a16.24036487',  NULL, 14, 'test1@test.org', 'c53dadf8348d02b38d95ea88fe7ad22e55f3833f90cb293c59de5809fbea2488', 1,  0,  'Customer Approved',  'fil95oduh3mnrcdi3b3dobka91', '1000-01-01 00:00:00',  0,  '2015-12-06 22:48:37'),
(0, 0,  '1586682039565b3598384a16.24036487',  NULL, 15, 'test2@test.org', 'c53dadf8348d02b38d95ea88fe7ad22e55f3833f90cb293c59de5809fbea2488', 1,  0,  'Hi I\'mr Approved',  'g818r366knr1iqbb2frpbeof71', '2015-12-06 22:54:47',  0,  '1000-01-01 00:00:00'),
(0, 0,  '1586682039565b3598384a16.24036487',  NULL, 16, 'test3@test.org', 'c53dadf8348d02b38d95ea88fe7ad22e55f3833f90cb293c59de5809fbea2488', 1,  0,  'Customer NotApproved', NULL, '1000-01-01 00:00:00',  0,  '1000-01-01 00:00:00'),
(0, 0,  '1586682039565b3598384a16.24036487',  NULL, 17, 'test4@test.org', 'c53dadf8348d02b38d95ea88fe7ad22e55f3833f90cb293c59de5809fbea2488', 1,  1,  'Employee Approved',  'NULL', '2015-12-06 21:49:45',  0,  '1000-01-01 00:00:00'),
(0, 0,  '1586682039565b3598384a16.24036487',  NULL, 18, 'test5@test.org', 'c53dadf8348d02b38d95ea88fe7ad22e55f3833f90cb293c59de5809fbea2488', 1,  1,  'Employee NotApproved', NULL, '1000-01-01 00:00:00',  0,  '1000-01-01 00:00:00'),
(0, 0,  '1586682039565b3598384a16.24036487',  NULL, 21, 'hackedyou@de.de',  'c53dadf8348d02b38d95ea88fe7ad22e55f3833f90cb293c59de5809fbea2488', 1,  0,  '<IMG SRC=\"javascript:alert(\'XSS\');\">', 'hgovil2mrlnfujdmbp0smg56k6', '1000-01-01 00:00:00',  0,  '1000-01-01 00:00:00'),
(0, 0,  '1586682039565b3598384a16.24036487',  NULL, 22, 'hackedddyou@de.de',  'c53dadf8348d02b38d95ea88fe7ad22e55f3833f90cb293c59de5809fbea2488', 1,  0,  '<IMG SRC=\"javascript:alert(\'XSS\');\">', '437o1081t6f370pm79a79921c2', '1000-01-01 00:00:00',  0,  '1000-01-01 00:00:00'),
(0, 0,  '1586682039565b3598384a16.24036487',  NULL, 23, 'test@me.de', 'c53dadf8348d02b38d95ea88fe7ad22e55f3833f90cb293c59de5809fbea2488', 1,  1,  'ssssss', 'ngfqqrk5ljp8s4afjbu7b4vvt3', '1000-01-01 00:00:00',  0,  '1000-01-01 00:00:00'),
(142654,  1,  '1809762927566492f71bf816.00241554',  'NULL', 29, 'secure123321@gmail.com', 'e2329977b8dec0bcb6f923300d202a2e007d7311bd1ba3c09e5292cf00524081', 1,  0,  's',  'p83ilmcu5idjvi4u1sjdae2s05', '2015-12-07 11:06:46',  0,  '1000-01-01 00:00:00'),
(0, 0,  '867453446565c921fcf5cf0.13610154', NULL, 31, 'e@e.de', '9b035d9d7296d53e2a8607d136a767306b00acf53be6b768b2a99327a3e80419', 1,  0,  'e',  NULL, '1000-01-01 00:00:00',  0,  '1000-01-01 00:00:00'),
(0, 0,  '228856218565c92ff253692.82026131', NULL, 32, 's@e.de', '2ba27b84db6818d952fbce46f2dcc529629ed963ebbf4033e91cf498e26ebfaa', 1,  0,  's',  NULL, '1000-01-01 00:00:00',  0,  '1000-01-01 00:00:00'),
(0, 0,  '83193178565c93170e59d0.09808493',  NULL, 33, 's@ededd.de', 'f5d9179d6127a2837a572604c8e29890071f0ce35f74fa6ccea4fad4c4a23da4', 1,  0,  's',  NULL, '1000-01-01 00:00:00',  0,  '1000-01-01 00:00:00'),
(0, 0,  '1014254260565c93676147f0.18154226',  NULL, 34, 's@eee.de', '9c465ca58297b6028ae78d71a7b98a5d38d615bdf319a3757dc19a0520ba70a2', 1,  0,  's',  NULL, '1000-01-01 00:00:00',  0,  '1000-01-01 00:00:00'),
(646652,  0,  '33001538256655110757a53.93217901', NULL, 35, 'secure1233321@gmail.com',  '1442af526bbccf9ee10782512158b8ea3d6d10089e1615696ad11319e6d89b6d', 0,  0,  'Stef G', NULL, '1000-01-01 00:00:00',  0,  '1000-01-01 00:00:00'),
(237283,  0,  '17425815665665512965f355.72207631',  NULL, 36, 'd@d.aegaehah', '56f973d6f3e00f751398c8c82ed35306323898b0e60ead939125c40757f023a0', 0,  1,  'd',  NULL, '1000-01-01 00:00:00',  0,  '1000-01-01 00:00:00'),
(934723,  0,  '7206286535665513bce5cb2.77942286', NULL, 37, 'sa@agag.agag', 'a9ded3071a01f6740d4d4b561aec8b2f5218f0922d77cb6eb25666ebcfa36fb1', 0,  0,  'scs',  NULL, '1000-01-01 00:00:00',  0,  '1000-01-01 00:00:00'),
(523131,  1,  '8041828785665514e376332.65642911', NULL, 38, 'sa@agag.agrgarg',  'ff6b4a0ccd84aa4ee281022700ac1317d44259996c6630f20461c9397284db17', 0,  1,  'scs',  NULL, '1000-01-01 00:00:00',  0,  '1000-01-01 00:00:00'),
(324493,  1,  '1500484736566551b0405551.52081109',  NULL, 39, 'aaegaefea@aegaea.eefa',  'e6ed391e2797fdc27987a20acaa899fee1a451703c6d54a11cc11a27539efc5e', 0,  0,  'scs real', NULL, '1000-01-01 00:00:00',  0,  '1000-01-01 00:00:00');


CREATE TABLE `Txn` (
  `Txn_description` varchar(40) DEFAULT NULL,
  `Txn_id` int(11) NOT NULL AUTO_INCREMENT,
  `Txn_amount` decimal(15,2) NOT NULL,
  `Txn_TAN_used` varchar(20) NOT NULL,
  `Txn_date` datetime NOT NULL,
  `Txn_SndAccountNo` decimal(10,0) NOT NULL,
  `Txn_RcvAccountNo` decimal(10,0) NOT NULL,
  `Txn_ApprovalStatus` varchar(15) NOT NULL,
  `Txn_Status` varchar(15) NOT NULL,
  PRIMARY KEY (`Txn_id`),
  KEY `uc_Txn_TAN_used` (`Txn_TAN_used`,`Txn_SndAccountNo`),
  KEY `Txn_Account_Sender` (`Txn_SndAccountNo`),
  CONSTRAINT `Txn_Account_Sender` FOREIGN KEY (`Txn_SndAccountNo`) REFERENCES `Account` (`Account_no`)
) ENGINE=InnoDB DEFAULT CHARSET=latin1;

INSERT INTO `Txn` (`Txn_description`, `Txn_id`, `Txn_amount`, `Txn_TAN_used`, `Txn_date`, `Txn_SndAccountNo`, `Txn_RcvAccountNo`, `Txn_ApprovalStatus`, `Txn_Status`) VALUES
(NULL,  1,  15000.00, 'UhwvCneJly805K1',  '2015-11-14 00:00:00',  1000000015, 1000000014, 'APPROVED', 'DONE'),
(NULL,  2,  15000.00, 'UhwvCneJly805K1',  '2015-11-14 00:00:00',  1000000029, 1000000014, 'APPROVED', 'DONE'),
(NULL,  3,  700.00, '20f0fcc10958765',  '2015-12-06 22:10:26',  1000000029, 1000000021, 'APPROVED', 'APPROVED'),
(NULL,  4,  999.99, '20f0fcc10958765',  '2015-12-06 22:10:26',  1000000029, 1000000019, 'APPROVED', 'APPROVED'),
(NULL,  5,  700.00, '5444d65fcb66530',  '2015-12-06 22:34:03',  1000000029, 1000000021, 'APPROVED', 'APPROVED'),
(NULL,  6,  999.99, '5444d65fcb66530',  '2015-12-06 22:34:03',  1000000029, 1000000018, 'APPROVED', 'APPROVED'),
(NULL,  7,  700.00, '6d6c54bfc916041',  '2015-12-06 22:36:31',  1000000029, 1000000021, 'APPROVED', 'APPROVED'),
(NULL,  8,  999.99, '6d6c54bfc916041',  '2015-12-06 22:36:31',  1000000029, 1000000018, 'APPROVED', 'APPROVED'),
(NULL,  9,  700.00, '1d302d85f784601',  '2015-12-06 22:37:11',  1000000029, 1000000021, 'APPROVED', 'APPROVED'),
(NULL,  10, 999.99, '1d302d85f784601',  '2015-12-06 22:37:11',  1000000029, 1000000018, 'APPROVED', 'APPROVED'),
(NULL,  11, 350.05, '67c699ea5329869',  '2015-12-06 22:41:37',  1000000029, 1000000021, 'APPROVED', 'APPROVED'),
(NULL,  12, 600.00, '30a6c8dafd46857',  '2015-12-06 00:00:00',  1000000029, 1000000018, 'APPROVED', 'DONE'),
(NULL,  13, 600.00, 'ed5e8c655d38878',  '2015-12-06 23:21:50',  1000000029, 1000000018, 'APPROVED', 'DONE'),
(NULL,  14, 350.05, '9bcb86e8c321324',  '2015-12-06 23:25:35',  1000000029, 1000000021, 'APPROVED', 'APPROVED'),
(NULL,  15, 999.99, '9bcb86e8c321324',  '2015-12-06 23:25:35',  1000000029, 1000000018, 'APPROVED', 'APPROVED');

-- 2015-12-07 10:50:23
